{
  "project_info": {
    "project_number": "874976018172",
    "project_id": "image-to-text-4f3c2",
    "storage_bucket": "image-to-text-4f3c2.appspot.com"
  },
  "client": [
    {
      "client_info": {
        "mobilesdk_app_id": "1:874976018172:android:3e1ffd9eb5466ac2ad2179",
        "android_client_info": {
          "package_name": "com.example.image_to_text"
        }
      },
      "oauth_client": [],
      "api_key": [
        {
          "current_key": "AIzaSyACuPnXflp-9UjNuPyENTB31iaRptLhcjU"
        }
      ],
      "services": {
        "appinvite_service": {
          "other_platform_oauth_client": []
        }
      }
    }
  ],
  "configuration_version": "1"
}